region	fracCdsCons	n	se	ci95
distal_nmd	0.49495161380731917	7474963	0.00018287036954683523	0.0003584259243117971
long_exon	0.4604852975386733	2703867	0.00030312158537569047	0.0005941183073363533
nmd_target	0.6251686296289808	20893422	0.00010590385423560373	0.0002075715543017833
start_proximal	0.5471263913154828	2983148	0.0002882006383026793	0.0005648732510732514
transcript	0.5766752702948724	34055400	8.466608747731938e-05	0.000165945531455546
