csq	mu	n_singletons	n_obs	ps
missense	5.01991745810432e-09	3297481	6201057	0.5317611174998069
nonsense	4.957894904789623e-09	117416	192416	0.6102195243638783
synonymous	5.987557900277113e-09	1395327	2810047	0.49654934597179334
distal_nmd	4.82398806060606e-09	29094	49500	0.5877575757575758
long_exon	4.798374047657643e-09	7895	12338	0.6398930134543687
nmd_target	5.003375819929913e-09	69208	111290	0.6218707880312696
start_proximal	5.141168757776856e-09	11219	19288	0.5816569888013272
