csq	mu	n_singletons	n_obs	ps
missense	1.821279817686925e-08	3452755	7219559	0.47825012580408305
nonsense	2.4372822425089876e-08	127971	236717	0.5406075609271831
synonymous	2.0558200039881486e-08	1464049	3359955	0.4357347047802724
distal_nmd	2.1703730863150757e-08	30962	58970	0.5250466338816348
long_exon	1.9954203849337747e-08	8550	14496	0.589817880794702
nmd_target	2.715412512416631e-08	76451	140940	0.5424364978004824
start_proximal	1.6728692707633008e-08	12008	22311	0.5382098516426874
