csq	mu	n_singletons	n_obs	ps
missense	9.853645520578262e-08	155274	1018502	0.15245330887911854
nonsense	1.0869919640640167e-07	10555	44301	0.2382564727658518
synonymous	9.501463499348982e-08	68722	549908	0.12496999498097863
distal_nmd	1.0993469904963042e-07	1868	9470	0.1972544878563886
long_exon	1.0660509731232624e-07	655	2158	0.3035217794253939
nmd_target	1.1029601011804386e-07	7243	29650	0.24428330522765598
start_proximal	9.0661925239828e-08	789	3023	0.2609990076083361
